http://legacy.us.com/productdetail.php?categ=K11&idproduct=69,https://www.legacy.us.com/drivers
http://legacy.us.com/productdetail.php?categ=K11&idproduct=26,https://www.legacy.us.com/drivers
http://legacy.us.com/productdetail.php?categ=K11&idproduct=70,https://www.legacy.us.com/products/lg-10385-2
http://legacy.us.com/productdetail.php?categ=K11&idproduct=33,https://www.legacy.us.com/products/lg-1077-2
http://legacy.us.com/productdetail.php?categ=K11&idproduct=29,https://www.legacy.us.com/products/lg-1095-2-mk1
http://legacy.us.com/productdetail.php?categ=K11&idproduct=30,https://www.legacy.us.com/products/lg-1096-2-mk1
http://legacy.us.com/productdetail.php?categ=K11&idproduct=48,https://www.legacy.us.com/products/lg-1098-2
http://legacy.us.com/productdetail.php?categ=K11&idproduct=35,https://www.legacy.us.com/products/lg-1238-2
http://legacy.us.com/productdetail.php?categ=K11&idproduct=71,https://www.legacy.us.com/products/lg-12385-2
http://legacy.us.com/productdetail.php?categ=K11&idproduct=72,https://www.legacy.us.com/products/lg-12386-2
http://legacy.us.com/productdetail.php?categ=K11&idproduct=43,https://www.legacy.us.com/products/lg-1277-2
http://legacy.us.com/productdetail.php?categ=K11&idproduct=44,https://www.legacy.us.com/products/lg-1292-2
http://legacy.us.com/productdetail.php?categ=K11&idproduct=36,https://www.legacy.us.com/products/lg-1295-2-mk1
http://legacy.us.com/productdetail.php?categ=K11&idproduct=38,https://www.legacy.us.com/products/lg-1296-2-mk1
http://legacy.us.com/productdetail.php?categ=K11&idproduct=40,https://www.legacy.us.com/products/lg-1298-2
http://legacy.us.com/productdetail.php?categ=K11&idproduct=87,https://www.legacy.us.com/products/lg-1299-2-mk1
http://legacy.us.com/productdetail.php?categ=K11&idproduct=45,https://www.legacy.us.com/products/lg-1596-2
http://legacy.us.com/productdetail.php?categ=K11&idproduct=23,https://www.legacy.us.com/products/lg-638-2-mk1
http://legacy.us.com/productdetail.php?categ=K11&idproduct=22,https://www.legacy.us.com/products/lg-696-2
http://legacy.us.com/productdetail.php?categ=K11&idproduct=25,https://www.legacy.us.com/products/lg-838-2-mk1
http://legacy.us.com/productdetail.php?categ=K11&idproduct=24,https://www.legacy.us.com/products/lg-896-2
http://legacy.us.com/productdetail.php?categ=K17&idproduct=73,https://www.legacy.us.com/drivers
http://legacy.us.com/productdetail.php?categ=K18&idproduct=79,https://www.legacy.us.com/products/lg-6521
http://legacy.us.com/productdetail.php?categ=K12&idproduct=51,https://www.legacy.us.com/products/pg-1054-2-red
http://legacy.us.com/productdetail.php?categ=K12&idproduct=52,https://www.legacy.us.com/products/pg-1254-2-red
http://legacy.us.com/productdetail.php?categ=K12&idproduct=50,https://www.legacy.us.com/products/pg-854-2-red
http://legacy.us.com/productdetail.php?categ=K13&idproduct=54,https://www.legacy.us.com/products/w-8347-b
http://legacy.us.com/productdetail.php?categ=K13&idproduct=53,https://www.legacy.us.com/products/w-8347-k
http://legacy.us.com/productdetail.php?categ=K14&idproduct=77,https://www.legacy.us.com/products/bst-422-mk3
http://legacy.us.com/productdetail.php?categ=K14&idproduct=78,https://www.legacy.us.com/products/bst-522-mk3
http://legacy.us.com/productdetail.php?categ=K14&idproduct=58,https://www.legacy.us.com/products/bst-1614
http://legacy.us.com/productdetail.php?categ=K14&idproduct=76,https://www.legacy.us.com/products/bst-615-mk3
http://legacy.us.com/productdetail.php?categ=K14&idproduct=60,https://www.legacy.us.com/products/bst-6981-mk1
http://legacy.us.com/productdetail.php?categ=K15&idproduct=63,https://www.legacy.us.com/products/pg-298
http://legacy.us.com/productdetail.php?categ=K22&idproduct=85,https://www.legacy.us.com/products/bst-1023-dual
http://legacy.us.com/productdetail.php?categ=K21&idproduct=88,https://www.legacy.us.com/drivers
http://legacy.us.com/productdetail.php?categ=K21&idproduct=83,https://www.legacy.us.com/drivers
http://legacy.us.com/productdetail.php?categ=K21&idproduct=89,https://www.legacy.us.com/drivers
http://legacy.us.com/productdetail.php?categ=K21&idproduct=84,https://www.legacy.us.com/drivers
http://legacy.us.com/products.php?categ=K11,https://www.legacy.us.com/drivers/legacy/subwoofer
http://legacy.us.com/products.php?categ=K17,https://www.legacy.us.com/drivers
http://legacy.us.com/products.php?categ=K18,https://www.legacy.us.com/drivers/legacy/coaxial
http://legacy.us.com/products.php?categ=K19,https://www.legacy.us.com/drivers
http://legacy.us.com/products.php?categ=K12,https://www.legacy.us.com/drivers/prestige/subwoofer
http://legacy.us.com/products.php?categ=K13,https://www.legacy.us.com/drivers/prestige/woofer
http://legacy.us.com/products.php?categ=K14,https://www.legacy.us.com/drivers/prestige/full-range
http://legacy.us.com/products.php?categ=K15,https://www.legacy.us.com/drivers/prestige/tweeter
http://legacy.us.com/products.php?categ=K22,https://www.legacy.us.com/drivers/prestige/coaxial
http://legacy.us.com/products.php?categ=K8,https://www.legacy.us.com/drivers
http://legacy.us.com/index.php,https://www.legacy.us.com/
http://legacy.us.com/aboutus.php,https://www.legacy.us.com/about-us
http://legacy.us.com/links.php,https://www.legacy.us.com/
http://legacy.us.com/capabilities.php,https://www.legacy.us.com/
http://legacy.us.com/news.php,https://www.legacy.us.com/news
http://legacy.us.com/events.php,https://www.legacy.us.com/
http://legacy.us.com/distributors.php,https://www.legacy.us.com/agen
http://legacy.us.com/contact.php,https://www.legacy.us.com/contact